response_type_pair,n_pairs,value_agreement_rate,score_agreement_rate,mean_alignment_gap
balance,485,0.44948453608247424,0.5051546391752577,0.5010309278350515
commitment,1015,0.4088669950738916,0.7192118226600985,0.28374384236453204
