response_type,mean_char_len,mean_word_len,mean_hedge_rate,mean_certainty_rate
balance,1447.5305832147938,206.6230440967283,0.013142392719963746,0.005948070539121186
commitment,1272.5293861558555,179.5620374401393,0.010855629353620725,0.007230766150339309
