model_under_test,temperature,spread_align
gemma:2b-instruct,0.7,0.3999999999999999
llama3:8b,0.9,0.5500000000000003
mistral:7b-instruct,0.9,0.6000000000000001
orca-mini:7b,0.2,0.7999999999999998
phi3:mini,0.0,0.75
